{"state" : "AK", "city" : "Adak Island", "name" : "Adak", "code" : "ADK"}
{"state" : "AK", "city" : "Anchorage", "name" : "Ted Stevens Anchorage Intl", "code" : "ANC"}
{"state" : "AK", "city" : "Barrow", "name" : "Wiley Post-Will Rogers Memorial", "code" : "BRW"}
{"state" : "AK", "city" : "Bethel", "name" : "Bethel", "code" : "BET"}
{"state" : "AK", "city" : "Cold Bay", "name" : "Cold Bay", "code" : "CDB"}
{"state" : "AK", "city" : "Cordova", "name" : "Merle K. (Mudhole) Smith", "code" : "CDV"}
{"state" : "AK", "city" : "Deadhorse", "name" : "Deadhorse", "code" : "SCC"}
{"state" : "AK", "city" : "Dillingham", "name" : "Dillingham", "code" : "DLG"}
{"state" : "AK", "city" : "Fairbanks", "name" : "Fairbanks Intl", "code" : "FAI"}
{"state" : "AK", "city" : "Gustavus", "name" : "Gustavus", "code" : "GST"}
{"state" : "AK", "city" : "Homer", "name" : "Homer", "code" : "HOM"}
{"state" : "AK", "city" : "Juneau", "name" : "Juneau Intl", "code" : "JNU"}
{"state" : "AK", "city" : "Kenai", "name" : "Kenai Municipal", "code" : "ENA"}
{"state" : "AK", "city" : "Ketchikan", "name" : "Ketchikan Intl", "code" : "KTN"}
{"state" : "AK", "city" : "King Salmon", "name" : "King Salmon", "code" : "AKN"}
{"state" : "AK", "city" : "Kodiak", "name" : "Kodiak", "code" : "ADQ"}
{"state" : "AK", "city" : "Kotzebue", "name" : "Ralph Wien Memorial", "code" : "OTZ"}
{"state" : "AK", "city" : "Nome", "name" : "Nome", "code" : "OME"}
{"state" : "AK", "city" : "Petersburg", "name" : "Petersburg James A. Johnson", "code" : "PSG"}
{"state" : "AK", "city" : "Sitka", "name" : "Sitka Rocky Gutierrez", "code" : "SIT"}
{"state" : "AK", "city" : "Unalaska", "name" : "Unalaska", "code" : "DUT"}
{"state" : "AK", "city" : "Valdez", "name" : "Valdez Pioneer Field", "code" : "VDZ"}
{"state" : "AK", "city" : "Wrangell", "name" : "Wrangell", "code" : "WRG"}
{"state" : "AK", "city" : "Yakutat", "name" : "Yakutat", "code" : "YAK"}
{"state" : "AL", "city" : "Anniston", "name" : "Anniston Regional", "code" : "ANB"}
{"state" : "AL", "city" : "Birmingham", "name" : "Birmingham-Shuttlesworth Intl", "code" : "BHM"}
{"state" : "AL", "city" : "Dothan", "name" : "Dothan Regional", "code" : "DHN"}
{"state" : "AL", "city" : "Huntsville", "name" : "Huntsville Intl-Carl T. Jones Field", "code" : "HSV"}
{"state" : "AL", "city" : "Mobile", "name" : "Mobile Downtown", "code" : "BFM"}
{"state" : "AL", "city" : "Mobile", "name" : "Mobile Regional", "code" : "MOB"}
{"state" : "AL", "city" : "Montgomery", "name" : "Montgomery Regional (Dannelly Field)", "code" : "MGM"}
{"state" : "AL", "city" : "Muscle Shoals", "name" : "Northwest Alabama Regional", "code" : "MSL"}
{"state" : "AL", "city" : "Tuscaloosa", "name" : "Tuscaloosa Regional", "code" : "TCL"}
{"state" : "AR", "city" : "Fayetteville", "name" : "Drake Field", "code" : "FYV"}

AR	FAYETTEVILLE/SPRINGDALE/	NORTHWEST ARKANSAS RGNL	XNA
AR	FORT SMITH	FORT SMITH RGNL	FSM
AR	HOT SPRINGS	MEMORIAL FIELD	HOT
AR	LITTLE ROCK	BILL AND HILLARY CLINTON NATIONAL/ADAMS FI	LIT
AR	TEXARKANA	TEXARKANA RGNL-WEBB FIELD	TXK
AS	FITIUTA VILLAGE	FITIUTA	FAQ
AS	OFU VILLAGE	OFU	Z08
AS	PAGO PAGO	PAGO PAGO INTL	PPG
AZ	BULLHEAD CITY	LAUGHLIN/BULLHEAD INTL	IFP
AZ	FLAGSTAFF	FLAGSTAFF PULLIAM	FLG
AZ	FORT HUACHUCA SIERRA VISTA	SIERRA VISTA MUNI-LIBBY AAF	FHU
AZ	GRAND CANYON	GRAND CANYON NATIONAL PARK	GCN
AZ	KINGMAN	KINGMAN	IGM
AZ	PAGE	PAGE MUNI	PGA
AZ	PEACH SPRINGS	GRAND CANYON WEST	1G4
AZ	PHOENIX	PHOENIX SKY HARBOR INTL	PHX
AZ	PHOENIX	PHOENIX-MESA GATEWAY	IWA
AZ	PRESCOTT	ERNEST A LOVE FIELD	PRC
AZ	SHOW LOW	SHOW LOW RGNL	SOW
AZ	TUCSON	TUCSON INTL	TUS
AZ	YUMA	YUMA MCAS/YUMA INTL	NYL
CA	ARCATA/EUREKA	ARCATA	ACV
CA	BAKERSFIELD	MEADOWS FIELD	BFL
CA	BURBANK	BOB HOPE	BUR
CA	CARLSBAD	MC CLELLAN-PALOMAR	CRQ
CA	CHICO	CHICO MUNI	CIC
CA	CONCORD	BUCHANAN FIELD	CCR
CA	CRESCENT CITY	JACK MC NAMARA FIELD	CEC
CA	FRESNO	FRESNO YOSEMITE INTL	FAT
CA	IMPERIAL	IMPERIAL COUNTY	IPL
CA	LONG BEACH	LONG BEACH /DAUGHERTY FIELD/	LGB
CA	LOS ANGELES	LOS ANGELES INTL	LAX
CA	MAMMOTH LAKES	MAMMOTH YOSEMITE	MMH
CA	MODESTO	MODESTO CITY-CO-HARRY SHAM FLD	MOD
CA	MONTEREY	MONTEREY RGNL	MRY
CA	OAKLAND	METROPOLITAN OAKLAND INTL	OAK
CA	ONTARIO	ONTARIO INTL	ONT
CA	OXNARD	OXNARD	OXR
CA	PALM SPRINGS	PALM SPRINGS INTL	PSP
CA	REDDING	REDDING MUNI	RDD
CA	SACRAMENTO	SACRAMENTO INTL	SMF
CA	SAN BERNARDINO	SAN BERNARDINO INTL	SBD
CA	SAN DIEGO	SAN DIEGO INTL	SAN
CA	SAN FRANCISCO	SAN FRANCISCO INTL	SFO
CA	SAN JOSE	NORMAN Y MINETA SAN JOSE INTL	SJC
CA	SAN LUIS OBISPO	SAN LUIS COUNTY RGNL	SBP
CA	SANTA ANA	JOHN WAYNE AIRPORT-ORANGE COUNTY	SNA
CA	SANTA BARBARA	SANTA BARBARA MUNI	SBA
CA	SANTA MARIA	SANTA MARIA PUB/CAPT G ALLAN HANCOCK FLD	SMX
CA	SANTA ROSA	CHARLES M SCHULZ - SONOMA COUNTY	STS
CA	STOCKTON	STOCKTON METROPOLITAN	SCK
CA	VICTORVILLE	SOUTHERN CALIFORNIA LOGISTICS	VCV
CO	ALAMOSA	SAN LUIS VALLEY RGNL/BERGMAN FIELD	ALS
CO	ASPEN	ASPEN-PITKIN CO/SARDY FIELD	ASE
CO	COLORADO SPRINGS	CITY OF COLORADO SPRINGS MUNI	COS
CO	DENVER	DENVER INTL	DEN
CO	DENVER	ROCKY MOUNTAIN METROPOLITAN	BJC
CO	DURANGO	DURANGO-LA PLATA COUNTY	DRO
CO	EAGLE	EAGLE COUNTY RGNL	EGE
CO	FORT COLLINS/LOVELAND	FORT COLLINS-LOVELAND MUNI	FNL
CO	GRAND JUNCTION	GRAND JUNCTION REGIONAL	GJT
CO	GUNNISON	GUNNISON-CRESTED BUTTE RGNL	GUC
CO	HAYDEN	YAMPA VALLEY	HDN
CO	MONTROSE	MONTROSE RGNL	MTJ
CO	PUEBLO	PUEBLO MEMORIAL	PUB
CO	TELLURIDE	TELLURIDE RGNL	TEX
CQ	ROTA ISLAND	BENJAMIN TAISACAN MANGLONA INTL	GRO
CQ	SAIPAN ISLAND	FRANCISCO C ADA/SAIPAN INTL	GSN
CQ	TINIAN ISLAND	TINIAN INTL	TNI
CT	BRIDGEPORT	IGOR I SIKORSKY MEMORIAL	BDR
CT	GROTON (NEW LONDON)	GROTON-NEW LONDON	GON
CT	NEW HAVEN	TWEED-NEW HAVEN	HVN
CT	WINDSOR LOCKS	BRADLEY INTL	BDL
DC	WASHINGTON	RONALD REAGAN WASHINGTON NATIONAL	DCA
DC	WASHINGTON	WASHINGTON DULLES INTL	IAD
DE	DOVER	DOVER AFB	DOV
DE	WILMINGTON	NEW CASTLE	ILG
FL	DAYTONA BEACH	DAYTONA BEACH INTL	DAB
FL	FORT LAUDERDALE	FORT LAUDERDALE/HOLLYWOOD INTL	FLL
FL	FORT MYERS	SOUTHWEST FLORIDA INTL	RSW
FL	GAINESVILLE	GAINESVILLE RGNL	GNV
FL	JACKSONVILLE	JACKSONVILLE INTL	JAX
FL	KEY WEST	KEY WEST INTL	EYW
FL	LAKELAND	LAKELAND LINDER RGNL	LAL
FL	MARATHON	THE FLORIDA KEYS MARATHON INTL	MTH
FL	MELBOURNE	MELBOURNE INTL	MLB
FL	MIAMI	MIAMI INTL	MIA
FL	NAPLES	NAPLES MUNI	APF
FL	OCALA	OCALA INTL-JIM TAYLOR FIELD	OCF
FL	ORLANDO	ORLANDO INTL	MCO
FL	ORLANDO	ORLANDO SANFORD INTL	SFB
FL	PANAMA CITY	NORTHWEST FLORIDA BEACHES INTL	ECP
FL	PENSACOLA	PENSACOLA INTL	PNS
FL	PUNTA GORDA	PUNTA GORDA	PGD
FL	SARASOTA/BRADENTON	SARASOTA/BRADENTON INTL	SRQ
FL	ST AUGUSTINE	NORTHEAST FLORIDA RGNL	SGJ
FL	ST PETERSBURG-CLEARWATER	ST PETE-CLEARWATER INTL	PIE
FL	TALLAHASSEE	TALLAHASSEE INTL	TLH
FL	TAMPA	TAMPA INTL	TPA
FL	TITUSVILLE	SPACE COAST RGNL	TIX
FL	VALPARAISO/DESTIN-FT WALTON BEACH	EGLIN AFB/DESTIN-FT WALTON BEACH	VPS
FL	VERO BEACH	VERO BEACH MUNI	VRB
FL	WEST PALM BEACH	PALM BEACH INTL	PBI
GA	ALBANY	SOUTHWEST GEORGIA RGNL	ABY
GA	ATHENS	ATHENS/BEN EPPS	AHN
GA	ATLANTA	HARTSFIELD - JACKSON ATLANTA INTL	ATL
GA	AUGUSTA	AUGUSTA RGNL AT BUSH FIELD	AGS
GA	BRUNSWICK	BRUNSWICK GOLDEN ISLES	BQK
GA	COLUMBUS	COLUMBUS	CSG
GA	MACON	MIDDLE GEORGIA RGNL	MCN
GA	SAVANNAH	SAVANNAH/HILTON HEAD INTL	SAV
GA	VALDOSTA	VALDOSTA RGNL	VLD
GU	GUAM	GUAM INTL	GUM
HI	HILO	HILO INTL	ITO
HI	HONOLULU	HONOLULU INTL	HNL
HI	KAHULUI	KAHULUI	OGG
HI	KAILUA/KONA	KONA INTL AT KEAHOLE	KOA
HI	KAUNAKAKAI	MOLOKAI	MKK
HI	LANAI CITY	LANAI	LNY
HI	LIHUE	LIHUE	LIH
IA	CEDAR RAPIDS	THE EASTERN IOWA	CID
IA	DES MOINES	DES MOINES INTL	DSM
IA	DUBUQUE	DUBUQUE RGNL	DBQ
IA	FORT DODGE	FORT DODGE RGNL	FOD
IA	MASON CITY	MASON CITY MUNI	MCW
IA	SIOUX CITY	SIOUX GATEWAY/COL BUD DAY FIELD	SUX
IA	WATERLOO	WATERLOO RGNL	ALO
ID	BOISE	BOISE AIR TERMINAL/GOWEN FLD	BOI
ID	COEUR D'ALENE	COEUR D'ALENE - PAPPY BOYINGTON FIELD	COE
ID	HAILEY	FRIEDMAN MEMORIAL	SUN
ID	IDAHO FALLS	IDAHO FALLS RGNL	IDA
ID	LEWISTON	LEWISTON-NEZ PERCE COUNTY	LWS
ID	POCATELLO	POCATELLO RGNL	PIH
ID	TWIN FALLS	JOSLIN FIELD - MAGIC VALLEY RGNL	TWF
IL	ALTON/ST LOUIS	ST LOUIS RGNL	ALN
IL	BELLEVILLE	SCOTT AFB/MIDAMERICA	BLV
IL	BLOOMINGTON/NORMAL	CENTRAL IL RGNL ARPT AT BLOOMINGTON-NORMAL	BMI
IL	CAHOKIA/ST LOUIS	ST LOUIS DOWNTOWN	CPS
IL	CARBONDALE/MURPHYSBORO	SOUTHERN ILLINOIS	MDH
IL	CHAMPAIGN/URBANA	UNIVERSITY OF ILLINOIS-WILLARD	CMI
IL	CHICAGO	CHICAGO MIDWAY INTL	MDW
IL	CHICAGO	CHICAGO O'HARE INTL	ORD
IL	CHICAGO/ROCKFORD	CHICAGO/ROCKFORD INTL	RFD
IL	DECATUR	DECATUR	DEC
IL	MARION	WILLIAMSON COUNTY RGNL	MWA
IL	MATTOON/CHARLESTON	COLES COUNTY MEMORIAL	MTO
IL	MOLINE	QUAD CITY INTL	MLI
IL	MOUNT VERNON	MOUNT VERNON	MVN
IL	PEORIA	GENERAL DOWNING - PEORIA INTL	PIA
IL	QUINCY	QUINCY RGNL-BALDWIN FIELD	UIN
IL	SPRINGFIELD	ABRAHAM LINCOLN CAPITAL	SPI
IN	BLOOMINGTON	MONROE COUNTY	BMG
IN	COLUMBUS	COLUMBUS MUNI	BAK
IN	EVANSVILLE	EVANSVILLE RGNL	EVV
IN	FORT WAYNE	FORT WAYNE INTL	FWA
IN	GARY	GARY/CHICAGO INTL	GYY
IN	INDIANAPOLIS	INDIANAPOLIS INTL	IND
IN	LAFAYETTE	PURDUE UNIVERSITY	LAF
IN	MUNCIE	DELAWARE COUNTY RGNL	MIE
IN	SOUTH BEND	SOUTH BEND INTL	SBN
IN	TERRE HAUTE	TERRE HAUTE INTL-HULMAN FIELD	HUF
IN	VALPARAISO	PORTER COUNTY RGNL	VPZ
KS	DODGE CITY	DODGE CITY RGNL	DDC
KS	GARDEN CITY	GARDEN CITY RGNL	GCK
KS	GREAT BEND	GREAT BEND MUNI	GBD
KS	HAYS	HAYS RGNL	HYS
KS	HUTCHINSON	HUTCHINSON RGNL	HUT
KS	LIBERAL	LIBERAL MID-AMERICA RGNL	LBL
KS	MANHATTAN	MANHATTAN RGNL	MHK
KS	SALINA	SALINA RGNL	SLN
KS	TOPEKA	TOPEKA RGNL	FOE
KS	WICHITA	WICHITA DWIGHT D EISENHOWER NATIONAL	ICT
KY	BOWLING GREEN	BOWLING GREEN-WARREN COUNTY RGNL	BWG
KY	COVINGTON	CINCINNATI/NORTHERN KENTUCKY INTL	CVG
KY	LEXINGTON	BLUE GRASS	LEX
KY	LOUISVILLE	LOUISVILLE INTL-STANDIFORD FIELD	SDF
KY	OWENSBORO	OWENSBORO-DAVIESS COUNTY	OWB
KY	PADUCAH	BARKLEY RGNL	PAH
LA	ALEXANDRIA	ALEXANDRIA INTL	AEX
LA	BATON ROUGE	BATON ROUGE METROPOLITAN, RYAN FIELD	BTR
LA	LAFAYETTE	LAFAYETTE RGNL/PAUL FOURNET FIELD	LFT
LA	LAKE CHARLES	CHENNAULT INTL	CWF
LA	LAKE CHARLES	LAKE CHARLES RGNL	LCH
LA	MONROE	MONROE RGNL	MLU
LA	NEW IBERIA	ACADIANA RGNL	ARA
LA	NEW ORLEANS	LOUIS ARMSTRONG NEW ORLEANS INTL	MSY
LA	SHREVEPORT	SHREVEPORT RGNL	SHV
MA	BEDFORD	LAURENCE G HANSCOM FLD	BED
MA	BOSTON	GENERAL EDWARD LAWRENCE LOGAN INTL	BOS
MA	HYANNIS	BARNSTABLE MUNI-BOARDMAN/POLANDO FIELD	HYA
MA	NANTUCKET	NANTUCKET MEMORIAL	ACK
MA	SPRINGFIELD/CHICOPEE	WESTOVER ARB/METROPOLITAN	CEF
MA	VINEYARD HAVEN	MARTHA'S VINEYARD	MVY
MA	WESTFIELD/SPRINGFIELD	WESTFIELD-BARNES RGNL	BAF
MA	WORCESTER	WORCESTER RGNL	ORH
MD	BALTIMORE	BALTIMORE/WASHINGTON INTL THURGOOD MARSHAL	BWI
MD	HAGERSTOWN	HAGERSTOWN RGNL-RICHARD A HENSON FLD	HGR
MD	SALISBURY	SALISBURY-OCEAN CITY WICOMICO RGNL	SBY
ME	BANGOR	BANGOR INTL	BGR
ME	BAR HARBOR	HANCOCK COUNTY-BAR HARBOR	BHB
ME	PORTLAND	PORTLAND INTL JETPORT	PWM
ME	PRESQUE ISLE	NORTHERN MAINE RGNL ARPT AT PRESQUE IS	PQI
MI	ALPENA	ALPENA COUNTY RGNL	APN
MI	BATTLE CREEK	W K KELLOGG	BTL
MI	DETROIT	DETROIT METROPOLITAN WAYNE COUNTY	DTW
MI	DETROIT	WILLOW RUN	YIP
MI	ESCANABA	DELTA COUNTY	ESC
MI	FLINT	BISHOP INTL	FNT
MI	GRAND RAPIDS	GERALD R FORD INTL	GRR
MI	HANCOCK	HOUGHTON COUNTY MEMORIAL	CMX
MI	IRON MOUNTAIN KINGSFORD	FORD	IMT
MI	IRONWOOD	GOGEBIC-IRON COUNTY	IWD
MI	KALAMAZOO	KALAMAZOO/BATTLE CREEK INTL	AZO
MI	LANSING	CAPITAL REGION INTL	LAN
MI	MANISTEE	MANISTEE CO-BLACKER	MBL
MI	MARQUETTE	SAWYER INTL	SAW
MI	MUSKEGON	MUSKEGON COUNTY	MKG
MI	PELLSTON	PELLSTON RGNL AIRPORT OF EMMET COUNTY	PLN
MI	PONTIAC	OAKLAND COUNTY INTL	PTK
MI	SAGINAW	MBS INTL	MBS
MI	SAULT STE MARIE	CHIPPEWA COUNTY INTL	CIU
MI	TRAVERSE CITY	CHERRY CAPITAL	TVC
MN	BEMIDJI	BEMIDJI RGNL	BJI
MN	BRAINERD	BRAINERD LAKES RGNL	BRD
MN	DULUTH	DULUTH INTL	DLH
MN	HIBBING	RANGE RGNL	HIB
MN	INTERNATIONAL FALLS	FALLS INTL-EINARSON FIELD	INL
MN	MINNEAPOLIS	MINNEAPOLIS-ST PAUL INTL/WOLD-CHAMBERLAIN	MSP
MN	ROCHESTER	ROCHESTER INTL	RST
MN	ST CLOUD	ST CLOUD RGNL	STC
MN	THIEF RIVER FALLS	THIEF RIVER FALLS RGNL	TVF
MO	BRANSON	BRANSON	BBG
MO	CAPE GIRARDEAU	CAPE GIRARDEAU RGNL	CGI
MO	COLUMBIA	COLUMBIA RGNL	COU
MO	JOPLIN	JOPLIN RGNL	JLN
MO	KANSAS CITY	CHARLES B WHEELER DOWNTOWN	MKC
MO	KANSAS CITY	KANSAS CITY INTL	MCI
MO	KIRKSVILLE	KIRKSVILLE RGNL	IRK
MO	SPRINGFIELD	SPRINGFIELD-BRANSON NATIONAL	SGF
MO	ST JOSEPH	ROSECRANS MEMORIAL	STJ
MO	ST LOUIS	LAMBERT-ST LOUIS INTL	STL
MO	ST LOUIS	SPIRIT OF ST LOUIS	SUS
MQ	MIDWAY ATOLL	HENDERSON FIELD	MDY
MS	BAY ST LOUIS	STENNIS INTL	HSA
MS	COLUMBUS/W POINT/STARKVILLE	GOLDEN TRIANGLE RGNL	GTR
MS	GREENVILLE	GREENVILLE MID-DELTA	GLH
MS	GULFPORT	GULFPORT-BILOXI INTL	GPT
MS	HATTIESBURG-LAUREL	HATTIESBURG-LAUREL RGNL	PIB
MS	JACKSON	JACKSON-MEDGAR WILEY EVERS INTL	JAN
MS	MERIDIAN	KEY FIELD	MEI
MS	NATCHEZ	HARDY-ANDERS FIELD NATCHEZ-ADAMS COUNTY	HEZ
MS	OXFORD	UNIVERSITY-OXFORD	UOX
MS	TUNICA	TUNICA MUNI	UTA
MS	TUPELO	TUPELO RGNL	TUP
MT	BILLINGS	BILLINGS LOGAN INTL	BIL
MT	BOZEMAN	BOZEMAN YELLOWSTONE INTL	BZN
MT	BUTTE	BERT MOONEY	BTM
MT	GREAT FALLS	GREAT FALLS INTL	GTF
MT	HELENA	HELENA RGNL	HLN
MT	KALISPELL	GLACIER PARK INTL	GPI
MT	LEWISTOWN	LEWISTOWN MUNI	LWT
MT	MISSOULA	MISSOULA INTL	MSO
MT	SIDNEY	SIDNEY-RICHLAND MUNI	SDY
MT	WEST YELLOWSTONE	YELLOWSTONE	WYS
MT	WOLF POINT	L M CLAYTON	OLF
NC	ASHEVILLE	ASHEVILLE RGNL	AVL
NC	CHARLOTTE	CHARLOTTE/DOUGLAS INTL	CLT
NC	CONCORD	CONCORD RGNL	JQF
NC	FAYETTEVILLE	FAYETTEVILLE RGNL/GRANNIS FIELD	FAY
NC	GREENSBORO	PIEDMONT TRIAD INTL	GSO
NC	GREENVILLE	PITT-GREENVILLE	PGV
NC	HICKORY	HICKORY RGNL	HKY
NC	JACKSONVILLE	ALBERT J ELLIS	OAJ
NC	KINSTON	KINSTON RGNL JETPORT AT STALLINGS FLD	ISO
NC	NEW BERN	COASTAL CAROLINA REGIONAL	EWN
NC	RALEIGH/DURHAM	RALEIGH-DURHAM INTL	RDU
NC	ROCKY MOUNT	ROCKY MOUNT-WILSON RGNL	RWI
NC	WILMINGTON	WILMINGTON INTL	ILM
NC	WINSTON SALEM	SMITH REYNOLDS	INT
ND	BISMARCK	BISMARCK MUNI	BIS
ND	DEVILS LAKE	DEVILS LAKE RGNL	DVL
ND	DICKINSON	DICKINSON - THEODORE ROOSEVELT RGNL	DIK
ND	FARGO	HECTOR INTL	FAR
ND	GRAND FORKS	GRAND FORKS INTL	GFK
ND	JAMESTOWN	JAMESTOWN RGNL	JMS
ND	MINOT	MINOT INTL	MOT
ND	WILLISTON	SLOULIN FLD INTL	ISN
NE	ALLIANCE	ALLIANCE MUNI	AIA
NE	CHADRON	CHADRON MUNI	CDR
NE	GRAND ISLAND	CENTRAL NEBRASKA RGNL	GRI
NE	KEARNEY	KEARNEY RGNL	EAR
NE	LINCOLN	LINCOLN	LNK
NE	MC COOK	MC COOK BEN NELSON RGNL	MCK
NE	NORTH PLATTE	NORTH PLATTE RGNL AIRPORT LEE BIRD FIELD	LBF
NE	OMAHA	EPPLEY AIRFIELD	OMA
NE	SCOTTSBLUFF	WESTERN NEBRASKA RGNL/WILLIAM B HEILIG FIE	BFF
NH	MANCHESTER	MANCHESTER	MHT
NH	PORTSMOUTH	PORTSMOUTH INTL AT PEASE	PSM
NJ	ATLANTIC CITY	ATLANTIC CITY INTL	ACY
NJ	NEWARK	NEWARK LIBERTY INTL	EWR
NJ	TETERBORO	TETERBORO	TEB
NJ	TRENTON	TRENTON MERCER	TTN
NM	ALBUQUERQUE	ALBUQUERQUE INTL SUNPORT	ABQ
NM	CARLSBAD	CAVERN CITY AIR TRML	CNM
NM	CLOVIS	CLOVIS MUNI	CVN
NM	FARMINGTON	FOUR CORNERS RGNL	FMN
NM	HOBBS	LEA COUNTY RGNL	HOB
NM	LAS CRUCES	LAS CRUCES INTL	LRU
NM	ROSWELL	ROSWELL INTL AIR CENTER	ROW
NM	RUIDOSO	SIERRA BLANCA RGNL	SRR
NM	SANTA FE	SANTA FE MUNI	SAF
NM	SILVER CITY	GRANT COUNTY	SVC
NV	ELKO	ELKO RGNL	EKO
NV	LAS VEGAS	MC CARRAN INTL	LAS
NV	LAS VEGAS	NORTH LAS VEGAS	VGT
NV	RENO	RENO/TAHOE INTL	RNO
NY	ALBANY	ALBANY INTL	ALB
NY	BINGHAMTON	GREATER BINGHAMTON/EDWIN A LINK FIELD	BGM
NY	BUFFALO	BUFFALO NIAGARA INTL	BUF
NY	ELMIRA/CORNING	ELMIRA/CORNING RGNL	ELM
NY	FARMINGDALE	REPUBLIC	FRG
NY	GLENS FALLS	FLOYD BENNETT MEMORIAL	GFL
NY	ITHACA	ITHACA TOMPKINS RGNL	ITH
NY	JAMESTOWN	CHAUTAUQUA COUNTY/JAMESTOWN	JHW
NY	MASSENA	MASSENA INTL-RICHARDS FIELD	MSS
NY	MONTICELLO	SULLIVAN COUNTY INTL	MSV
NY	NEW YORK	JOHN F KENNEDY INTL	JFK
NY	NEW YORK	LAGUARDIA	LGA
NY	NEW YORK	LONG ISLAND MAC ARTHUR	ISP
NY	NEW YORK	STEWART INTL	SWF
NY	NIAGARA FALLS	NIAGARA FALLS INTL	IAG
NY	OGDENSBURG	OGDENSBURG INTL	OGS
NY	PLATTSBURGH	PLATTSBURGH INTL	PBG
NY	POUGHKEEPSIE	DUTCHESS COUNTY	POU
NY	ROCHESTER	GREATER ROCHESTER INTL	ROC
NY	ROME	GRIFFISS INTL	RME
NY	SARANAC LAKE	ADIRONDACK RGNL	SLK
NY	SYRACUSE	SYRACUSE HANCOCK INTL	SYR
NY	WATERTOWN	WATERTOWN INTL	ART
NY	WHITE PLAINS	WESTCHESTER COUNTY	HPN
OH	AKRON	AKRON-CANTON RGNL	CAK
OH	CINCINNATI	CINCINNATI MUNI AIRPORT LUNKEN FIELD	LUK
OH	CLEVELAND	BURKE LAKEFRONT	BKL
OH	CLEVELAND	CLEVELAND-HOPKINS INTL	CLE
OH	COLUMBUS	OHIO STATE UNIVERSITY	OSU
OH	COLUMBUS	PORT COLUMBUS INTL	CMH
OH	COLUMBUS	RICKENBACKER INTL	LCK
OH	DAYTON	JAMES M COX DAYTON INTL	DAY
OH	MANSFIELD	MANSFIELD LAHM RGNL	MFD
OH	TOLEDO	TOLEDO EXPRESS	TOL
OH	WILMINGTON	WILMINGTON AIR PARK	ILN
OH	YOUNGSTOWN/WARREN	YOUNGSTOWN-WARREN RGNL	YNG
OK	LAWTON	LAWTON-FORT SILL RGNL	LAW
OK	OKLAHOMA CITY	WILL ROGERS WORLD	OKC
OK	STILLWATER	STILLWATER RGNL	SWO
OK	TULSA	TULSA INTL	TUL
OR	EUGENE	MAHLON SWEET FIELD	EUG
OR	KLAMATH FALLS	CRATER LAKE-KLAMATH RGNL	LMT
OR	MEDFORD	ROGUE VALLEY INTL - MEDFORD	MFR
OR	NEWPORT	NEWPORT MUNI	ONP
OR	NORTH BEND	SOUTHWEST OREGON RGNL	OTH
OR	PENDLETON	EASTERN OREGON RGNL AT PENDLETON	PDT
OR	PORTLAND	PORTLAND INTL	PDX
OR	REDMOND	ROBERTS FIELD	RDM
OR	SALEM	MCNARY FLD	SLE
PA	ALLENTOWN	LEHIGH VALLEY INTL	ABE
PA	ALTOONA	ALTOONA-BLAIR COUNTY	AOO
PA	BRADFORD	BRADFORD RGNL	BFD
PA	DUBOIS	DUBOIS RGNL	DUJ
PA	ERIE	ERIE INTL/TOM RIDGE FIELD	ERI
PA	FRANKLIN	VENANGO RGNL	FKL
PA	HARRISBURG	HARRISBURG INTL	MDT
PA	JOHNSTOWN	JOHN MURTHA JOHNSTOWN-CAMBRIA CO	JST
PA	LANCASTER	LANCASTER	LNS
PA	LATROBE	ARNOLD PALMER RGNL	LBE
PA	PHILADELPHIA	PHILADELPHIA INTL	PHL
PA	PITTSBURGH	PITTSBURGH INTL	PIT
PA	READING	READING RGNL/CARL A SPAATZ FIELD	RDG
PA	STATE COLLEGE	UNIVERSITY PARK	UNV
PA	WILKES-BARRE/SCRANTON	WILKES-BARRE/SCRANTON INTL	AVP
PA	WILLIAMSPORT	WILLIAMSPORT RGNL	IPT
PR	AGUADILLA	RAFAEL HERNANDEZ	BQN
PR	PONCE	MERCEDITA	PSE
PR	SAN JUAN	LUIS MUNOZ MARIN INTL	SJU
RI	PROVIDENCE	THEODORE FRANCIS GREEN STATE	PVD
SC	ANDERSON	ANDERSON RGNL	AND
SC	CHARLESTON	CHARLESTON AFB/INTL	CHS
SC	COLUMBIA	COLUMBIA METROPOLITAN	CAE
SC	FLORENCE	FLORENCE RGNL	FLO
SC	GREENVILLE	DONALDSON FIELD	GYH
SC	GREER	GREENVILLE SPARTANBURG INTL	GSP
SC	HILTON HEAD ISLAND	HILTON HEAD	HXD
SC	MYRTLE BEACH	MYRTLE BEACH INTL	MYR
SD	ABERDEEN	ABERDEEN RGNL	ABR
SD	BROOKINGS	BROOKINGS RGNL	BKX
SD	HURON	HURON RGNL	HON
SD	PIERRE	PIERRE RGNL	PIR
SD	RAPID CITY	RAPID CITY RGNL	RAP
SD	SIOUX FALLS	JOE FOSS FIELD	FSD
SD	WATERTOWN	WATERTOWN RGNL	ATY
TN	BRISTOL/JOHNSON/KINGSPORT	TRI-CITIES RGNL TN/VA	TRI
TN	CHATTANOOGA	LOVELL FIELD	CHA
TN	JACKSON	MC KELLAR-SIPES RGNL	MKL
TN	KNOXVILLE	MC GHEE TYSON	TYS
TN	MEMPHIS	MEMPHIS INTL	MEM
TN	MILLINGTON/MEMPHIS	MILLINGTON RGNL JETPORT	NQA
TN	NASHVILLE	NASHVILLE INTL	BNA
TN	SMYRNA	SMYRNA	MQY
TX	ABILENE	ABILENE RGNL	ABI
TX	AMARILLO	RICK HUSBAND AMARILLO INTL	AMA
TX	ANGLETON/LAKE JACKSON	TEXAS GULF COAST RGNL	LBX
TX	AUSTIN	AUSTIN-BERGSTROM INTL	AUS
TX	BEAUMONT/PORT ARTHUR	JACK BROOKS RGNL	BPT
TX	BROWNSVILLE	BROWNSVILLE/SOUTH PADRE ISLAND INTL	BRO
TX	COLLEGE STATION	EASTERWOOD FIELD	CLL
TX	CORPUS CHRISTI	CORPUS CHRISTI INTL	CRP
TX	DALLAS	DALLAS LOVE FIELD	DAL
TX	DALLAS-FORT WORTH	DALLAS-FORT WORTH INTL	DFW
TX	DEL RIO	DEL RIO INTL	DRT
TX	EL PASO	EL PASO INTL	ELP
TX	FORT HOOD/KILLEEN	ROBERT GRAY AAF	GRK
TX	FORT WORTH	FORT WORTH ALLIANCE	AFW
TX	FORT WORTH	FORT WORTH MEACHAM INTL	FTW
TX	HARLINGEN	VALLEY INTL	HRL
TX	HOUSTON	ELLINGTON	EFD
TX	HOUSTON	GEORGE BUSH INTERCONTINENTAL/HOUSTON	IAH
TX	HOUSTON	WILLIAM P HOBBY	HOU
TX	LAREDO	LAREDO INTL	LRD
TX	LONGVIEW	EAST TEXAS RGNL	GGG
TX	LUBBOCK	LUBBOCK PRESTON SMITH INTL	LBB
TX	MC ALLEN	MC ALLEN MILLER INTL	MFE
TX	MIDLAND	MIDLAND INTL AIR AND SPACE PORT	MAF
TX	SAN ANGELO	SAN ANGELO RGNL/MATHIS FIELD	SJT
TX	SAN ANTONIO	SAN ANTONIO INTL	SAT
TX	TYLER	TYLER POUNDS RGNL	TYR
TX	VICTORIA	VICTORIA RGNL	VCT
TX	WACO	WACO RGNL	ACT
TX	WICHITA FALLS	SHEPPARD AFB/WICHITA FALLS MUNI	SPS
UT	CEDAR CITY	CEDAR CITY RGNL	CDC
UT	LOGAN	LOGAN-CACHE	LGU
UT	MOAB	CANYONLANDS FIELD	CNY
UT	OGDEN	OGDEN-HINCKLEY	OGD
UT	PROVO	PROVO MUNI	PVU
UT	SALT LAKE CITY	SALT LAKE CITY INTL	SLC
UT	ST GEORGE	ST GEORGE RGNL	SGU
UT	VERNAL	VERNAL RGNL	VEL
UT	WENDOVER	WENDOVER	ENV
VA	CHARLOTTESVILLE	CHARLOTTESVILLE-ALBEMARLE	CHO
VA	LYNCHBURG	LYNCHBURG RGNL/PRESTON GLENN FLD	LYH
VA	NEWPORT NEWS	NEWPORT NEWS/WILLIAMSBURG INTL	PHF
VA	NORFOLK	NORFOLK INTL	ORF
VA	RICHMOND	RICHMOND INTL	RIC
VA	ROANOKE	ROANOKE-BLACKSBURG RGNL/WOODRUM FIELD	ROA
VA	STAUNTON/WAYNESBORO/HARRISONBURG	SHENANDOAH VALLEY RGNL	SHD
VI	CHARLOTTE AMALIE	CYRIL E KING	STT
VI	CHRISTIANSTED	HENRY E ROHLSEN	STX
VT	BURLINGTON	BURLINGTON INTL	BTV
VT	RUTLAND	RUTLAND - SOUTHERN VERMONT RGNL	RUT
WA	BELLINGHAM	BELLINGHAM INTL	BLI
WA	EVERETT	SNOHOMISH COUNTY (PAINE FLD)	PAE
WA	MOSES LAKE	GRANT CO INTL	MWH
WA	PASCO	TRI-CITIES	PSC
WA	PULLMAN/MOSCOW	PULLMAN/MOSCOW RGNL	PUW
WA	SEATTLE	BOEING FIELD/KING COUNTY INTL	BFI
WA	SEATTLE	SEATTLE-TACOMA INTL	SEA
WA	SPOKANE	SPOKANE INTL	GEG
WA	WALLA WALLA	WALLA WALLA RGNL	ALW
WA	WENATCHEE	PANGBORN MEMORIAL	EAT
WA	YAKIMA	YAKIMA AIR TERMINAL/MCALLISTER FIELD	YKM
WI	APPLETON	APPLETON INTL	ATW
WI	EAU CLAIRE	CHIPPEWA VALLEY RGNL	EAU
WI	GREEN BAY	GREEN BAY-AUSTIN STRAUBEL INTL	GRB
WI	JANESVILLE	SOUTHERN WISCONSIN RGNL	JVL
WI	LA CROSSE	LA CROSSE RGNL	LSE
WI	MADISON	DANE COUNTY RGNL-TRUAX FIELD	MSN
WI	MILWAUKEE	GENERAL MITCHELL INTL	MKE
WI	MOSINEE	CENTRAL WISCONSIN	CWA
WI	RHINELANDER	RHINELANDER-ONEIDA COUNTY	RHI
WV	BECKLEY	RALEIGH COUNTY MEMORIAL	BKW
WV	CHARLESTON	YEAGER	CRW
WV	CLARKSBURG	NORTH CENTRAL WEST VIRGINIA	CKB
WV	HUNTINGTON	TRI-STATE/MILTON J FERGUSON FIELD	HTS
WV	LEWISBURG	GREENBRIER VALLEY	LWB
WV	MORGANTOWN	MORGANTOWN MUNI-WALTER L BILL HART FLD	MGW
WV	PARKERSBURG	MID-OHIO VALLEY RGNL	PKB
WY	CASPER	CASPER/NATRONA COUNTY INTL	CPR
WY	CHEYENNE	CHEYENNE RGNL/JERRY OLSON FIELD	CYS
WY	CODY	YELLOWSTONE RGNL	COD
WY	GILLETTE	GILLETTE-CAMPBELL COUNTY	GCC
WY	JACKSON	JACKSON HOLE	JAC
WY	LARAMIE	LARAMIE RGNL	LAR
WY	RIVERTON	RIVERTON RGNL	RIW
WY	ROCK SPRINGS	ROCK SPRINGS-SWEETWATER COUNTY	RKS
WY	SHERIDAN	SHERIDAN COUNTY	SHR
WY	WORLAND	WORLAND MUNI	WRL
